,State_x,Pathway,LTCH Low ,LTCH High ,Variable (Low),Variable (High),Variable (base),Result (base),Variable Name,Variable Unit,TotalCostforSorting
1,Alabama,SMR,5.577786265182841,5.585729265182842,0.035,0.096,0.058,5.580763350709157,Electricity Price,$/kWh,0.007943
2,Alabama,SMR,5.5517430173758235,5.657447017375823,0.006,0.03,0.013,5.580763350709157,Water Price (Hydrogen),$/gal,0.10570399999999935
0,Alabama,SMR,5.116630339351282,6.873200666904269,2.765,13.882,5.702,5.580763350709157,Natural Gas Price,$/MMBTU,1.7565703275529874
1,Arizona,SMR,5.718989424598721,5.725242424598721,0.046,0.094,0.064,5.721326559467142,Electricity Price,$/kWh,0.006253
2,Arizona,SMR,5.692306226133809,5.798010226133809,0.006,0.03,0.013,5.721326559467142,Water Price (Hydrogen),$/gal,0.10570400000000024
0,Arizona,SMR,5.086977228770459,6.596957960947723,2.572,12.129,6.587,5.721326559467142,Natural Gas Price,$/MMBTU,1.5099807321772643
1,Arkansas,SMR,5.845323724669708,5.852369724669709,0.034,0.089,0.057,5.848247057,Electricity Price,$/kWh,0.007046
2,Arkansas,SMR,5.819226723573218,5.924930723573217,0.006,0.03,0.013,5.848247057,Water Price (Hydrogen),$/gal,0.10570399999999935
0,Arkansas,SMR,5.449812187217877,6.562509682400922,4.875,11.917,7.396,5.848247057,Natural Gas Price,$/MMBTU,1.1126974951830446
1,California,SMR,5.963926178788562,5.9896401787885605,0.058,0.255,0.125,5.972714734709614,Electricity Price,$/kWh,0.025713999999998904
2,California,SMR,5.9436944013762805,6.049398401,0.006,0.03,0.013,5.972714734709614,Water Price (Hydrogen),$/gal,0.10570399999999935
0,California,SMR,5.192289761576462,8.233561437877041,3.189,22.437,8.128,5.972714734709614,Natural Gas Price,$/MMBTU,3.041271676
1,Colorado,SMR,5.771016174522664,5.779102174522666,0.036,0.098,0.069,5.7754091909700325,Electricity Price,$/kWh,0.008086
2,Colorado,SMR,5.746388858,5.852092858,0.006,0.03,0.013,5.7754091909700325,Water Price (Hydrogen),$/gal,0.10570400000000024
0,Colorado,SMR,5.143948956206824,7.1547196691162664,2.929,15.655,6.925,5.7754091909700325,Natural Gas Price,$/MMBTU,2.0107707129094425
1,Connecticut,SMR,5.930089651249163,5.949173651249163,0.068,0.215,0.128,5.937773335459688,Electricity Price,$/kWh,0.019084000000000323
2,Connecticut,SMR,5.908753002126356,6.014457002126355,0.006,0.03,0.013,5.937773335459688,Water Price (Hydrogen),$/gal,0.10570399999999935
0,Connecticut,SMR,5.165203046,7.3799429303283635,3.015,17.033,7.905,5.937773335459688,Natural Gas Price,$/MMBTU,2.2147398843930635
1,Delaware,SMR,6.3623563544436985,6.376578354,0.029,0.138,0.079,6.368906387338436,Electricity Price,$/kWh,0.014222000000001067
2,Delaware,SMR,6.3398860540051025,6.445590054005102,0.006,0.03,0.013,6.368906387338436,Water Price (Hydrogen),$/gal,0.10570399999999935
0,Delaware,SMR,5.0873799688006285,8.568555305987527,2.563,24.595,10.674,6.368906387338436,Natural Gas Price,$/MMBTU,3.481175337186899
1,Florida,SMR,5.839299703058719,5.846215703,0.049,0.103,0.077,5.842879278716614,Electricity Price,$/kWh,0.006916
2,Florida,SMR,5.813858945383281,5.919562945,0.006,0.03,0.013,5.842879278716614,Water Price (Hydrogen),$/gal,0.10570399999999935
0,Florida,SMR,5.297145315031994,6.823869785166869,3.892,13.555,7.346,5.842879278716614,Natural Gas Price,$/MMBTU,1.5267244701348748
1,Georgia,SMR,5.6273805207350165,5.638924520735016,0.036,0.124,0.06,5.630540846,Electricity Price,$/kWh,0.011543999999999777
2,Georgia,SMR,5.601520513059577,5.707224513059577,0.006,0.03,0.013,5.630540846,Water Price (Hydrogen),$/gal,0.10570400000000024
0,Georgia,SMR,5.113808263490569,6.929742752893266,2.746,14.239,6.016,5.630540846,Natural Gas Price,$/MMBTU,1.8159344894026974
1,Idaho,SMR,5.603710866845958,5.6126288668459585,0.031,0.099,0.054,5.6067812615828005,Electricity Price,$/kWh,0.008918
2,Idaho,SMR,5.577760928249467,5.683464928249467,0.006,0.03,0.013,5.6067812615828005,Water Price (Hydrogen),$/gal,0.10570400000000024
0,Idaho,SMR,5.208977286326741,6.283620831606124,3.353,10.154,5.87,5.6067812615828005,Natural Gas Price,$/MMBTU,1.0746435452793834
1,Illinois,SMR,5.794325594155562,5.8032955941555615,0.039,0.108,0.066,5.797824604023982,Electricity Price,$/kWh,0.00897
2,Illinois,SMR,5.768804271,5.874508270690649,0.006,0.03,0.013,5.797824604023982,Water Price (Hydrogen),$/gal,0.10570399999999935
0,Illinois,SMR,5.074999839801287,7.111647238645217,2.495,15.385,7.07,5.797824604023982,Natural Gas Price,$/MMBTU,2.0366473988439298
1,Indiana,SMR,5.772014319490221,5.779931319490222,0.038,0.099,0.064,5.775333638569169,Electricity Price,$/kWh,0.007917
2,Indiana,SMR,5.746313305235837,5.852017305235835,0.006,0.03,0.013,5.775333638569169,Water Price (Hydrogen),$/gal,0.10570399999999758
0,Indiana,SMR,5.188864998722796,6.965223380225686,3.218,14.461,6.93,5.775333638569169,Natural Gas Price,$/MMBTU,1.7763583815028907
1,Iowa,SMR,5.656475280253043,5.663664280253043,0.036,0.092,0.056,5.659042823,Electricity Price,$/kWh,0.007189
2,Iowa,SMR,5.630022489682868,5.735726489682867,0.006,0.03,0.013,5.659042823,Water Price (Hydrogen),$/gal,0.10570399999999935
0,Iowa,SMR,5.181803590422421,6.570011683,3.179,11.965,6.2,5.659042823,Natural Gas Price,$/MMBTU,1.3882080924855495
1,Kansas,SMR,5.586794951378146,5.593281951378146,0.041,0.091,0.066,5.590043155325515,Electricity Price,$/kWh,0.006487
2,Kansas,SMR,5.561022821992181,5.666726821992182,0.006,0.03,0.013,5.590043155325515,Water Price (Hydrogen),$/gal,0.10570400000000024
0,Kansas,SMR,5.108496509795456,6.638265295922624,2.707,12.389,5.755,5.590043155325515,Natural Gas Price,$/MMBTU,1.5297687861271676
1,Kentucky,SMR,5.555895209815217,5.563474209815217,0.027,0.085,0.052,5.559111726262586,Electricity Price,$/kWh,0.007579
2,Kentucky,SMR,5.530091392929253,5.635795392929253,0.006,0.03,0.013,5.559111726262586,Water Price (Hydrogen),$/gal,0.10570399999999935
0,Kentucky,SMR,5.089914084337845,6.863228149848442,2.601,13.825,5.571,5.559111726262586,Natural Gas Price,$/MMBTU,1.773314065510597
1,Louisiana,SMR,5.419983231109217,5.427731231109217,0.037,0.097,0.059,5.422775964661849,Electricity Price,$/kWh,0.007748
2,Louisiana,SMR,5.393755631328515,5.499459631328515,0.006,0.03,0.013,5.422775964661849,Water Price (Hydrogen),$/gal,0.10570399999999935
0,Louisiana,SMR,4.981194925720565,6.9189020548149776,1.908,14.171,4.702,5.422775964661849,Natural Gas Price,$/MMBTU,1.9377071290944121
1,Maine,SMR,6.184473689917888,6.2019326899178875,0.055,0.19,0.096,6.189820068207361,Electricity Price,$/kWh,0.017459
2,Maine,SMR,6.160799734874027,6.266503734874028,0.006,0.03,0.013,6.189820068207361,Water Price (Hydrogen),$/gal,0.10570400000000024
0,Maine,SMR,5.357508121517137,7.438298102249314,4.258,17.428,9.526,6.189820068207361,Natural Gas Price,$/MMBTU,2.0807899807321775
1,Maryland,SMR,6.266989896014362,6.2898048960143615,0.03,0.205,0.084,6.274067284172256,Electricity Price,$/kWh,0.022814999999999586
2,Maryland,SMR,6.245046950838924,6.350750950838923,0.006,0.03,0.013,6.274067284172256,Water Price (Hydrogen),$/gal,0.10570399999999847
0,Maryland,SMR,5.596425094776696,7.451935692,5.78,17.524,10.069,6.274067284172256,Natural Gas Price,$/MMBTU,1.8555105973025032
1,Massachusetts,SMR,6.366558114995232,6.384953114995232,0.076,0.217,0.136,6.374353795916286,Electricity Price,$/kWh,0.018395
2,Massachusetts,SMR,6.3453334625829525,6.451037462582953,0.006,0.03,0.013,6.374353795916286,Water Price (Hydrogen),$/gal,0.10570400000000024
0,Massachusetts,SMR,4.950104607193032,8.400836784457002,1.647,23.487,10.662,6.374353795916286,Natural Gas Price,$/MMBTU,3.450732177
1,Michigan,SMR,5.833999772129398,5.840876772129398,0.045,0.098,0.069,5.837187252392557,Electricity Price,$/kWh,0.006877
2,Michigan,SMR,5.808166919059222,5.913870919059224,0.006,0.03,0.013,5.837187252392557,Water Price (Hydrogen),$/gal,0.10570400000000113
0,Michigan,SMR,5.245924005764425,6.5702014624118235,3.574,11.956,7.316,5.837187252392557,Natural Gas Price,$/MMBTU,1.3242774566473985
1,Minnesota,SMR,5.560947115502281,5.569371115502281,0.037,0.102,0.068,5.564937131949649,Electricity Price,$/kWh,0.008424
2,Minnesota,SMR,5.5359167986163165,5.641620798616317,0.006,0.03,0.013,5.564937131949649,Water Price (Hydrogen),$/gal,0.10570400000000024
0,Minnesota,SMR,5.058474108422624,6.588242894549792,2.389,12.071,5.595,5.564937131949649,Natural Gas Price,$/MMBTU,1.5297687861271676
1,Mississippi,SMR,5.610389547608558,5.615017547608559,0.04,0.076,0.06,5.612949777871716,Electricity Price,$/kWh,0.004628
2,Mississippi,SMR,5.5839294445383825,5.689633444538383,0.006,0.03,0.013,5.612949777871716,Water Price (Hydrogen),$/gal,0.10570400000000024
0,Mississippi,SMR,5.208205964,6.893234865591015,3.343,14.008,5.905,5.612949777871716,Natural Gas Price,$/MMBTU,1.6850289017341051
1,Missouri,SMR,5.932094538785924,5.940245538785924,0.036,0.098,0.061,5.935433871022766,Electricity Price,$/kWh,0.008151
2,Missouri,SMR,5.906413537689432,6.0121175376894325,0.006,0.03,0.013,5.935433871022766,Water Price (Hydrogen),$/gal,0.10570400000000024
0,Missouri,SMR,5.0972305321119045,6.940563865445238,2.64,14.306,7.945,5.935433871022766,Natural Gas Price,$/MMBTU,1.8433333333333337
1,Montana,SMR,5.809646679035391,5.823920679035392,0.032,0.141,0.056,5.812797810614339,Electricity Price,$/kWh,0.014274000000000342
2,Montana,SMR,5.7837774772810056,5.889481477281005,0.006,0.03,0.013,5.812797810614339,Water Price (Hydrogen),$/gal,0.10570399999999935
0,Montana,SMR,5.043246801588885,6.9261562428220245,2.303,14.22,7.173,5.812797810614339,Natural Gas Price,$/MMBTU,1.8829094412331395
1,Nebraska,SMR,5.547330289825372,5.555767289825372,0.034,0.099,0.063,5.551087076009583,Electricity Price,$/kWh,0.008437
2,Nebraska,SMR,5.522066742676249,5.627770742676249,0.006,0.03,0.013,5.551087076009583,Water Price (Hydrogen),$/gal,0.10570400000000024
0,Nebraska,SMR,5.159887463901277,6.534396134,3.035,11.734,5.511,5.551087076009583,Natural Gas Price,$/MMBTU,1.3745086705202327
1,Nevada,SMR,5.9395536366931925,5.952111636693192,0.032,0.128,0.072,5.944706041298456,Electricity Price,$/kWh,0.012557999999999403
2,Nevada,SMR,5.915685707965122,6.021389707965122,0.006,0.03,0.013,5.944706041298456,Water Price (Hydrogen),$/gal,0.10570400000000024
0,Nevada,SMR,5.261433510067994,6.862743722014044,3.671,13.805,7.995,5.944706041298456,Natural Gas Price,$/MMBTU,1.6013102119460498
1,New Hampshire,SMR,6.263958385454618,6.279766385454619,0.082,0.204,0.127,6.269743000586197,Electricity Price,$/kWh,0.015808
2,New Hampshire,SMR,6.2407226672528635,6.346426667252864,0.006,0.03,0.013,6.269743000586197,Water Price (Hydrogen),$/gal,0.10570400000000024
0,New Hampshire,SMR,5.253422140632845,7.588412506721479,3.574,18.353,10.007,6.269743000586197,Natural Gas Price,$/MMBTU,2.3349903660886335
1,New Jersey,SMR,6.0188441180599455,6.0307521180599455,0.071,0.163,0.107,6.023454585165208,Electricity Price,$/kWh,0.011908
2,New Jersey,SMR,5.9944342518318745,6.100138251831874,0.006,0.03,0.013,6.023454585165208,Water Price (Hydrogen),$/gal,0.10570399999999935
0,New Jersey,SMR,5.297952890487069,7.503559826903253,3.873,17.832,8.465,6.023454585165208,Natural Gas Price,$/MMBTU,2.205606936416183
1,New Mexico,SMR,5.583318048859448,5.588128048859447,0.039,0.076,0.058,5.585735364648921,Electricity Price,$/kWh,0.00481
2,New Mexico,SMR,5.556715031315588,5.662419031315588,0.006,0.03,0.013,5.585735364648921,Water Price (Hydrogen),$/gal,0.10570400000000024
0,New Mexico,SMR,4.959795296011357,7.061895488689586,1.773,15.077,5.734,5.585735364648921,Natural Gas Price,$/MMBTU,2.102100192678229
1,New York,SMR,5.991831925967752,6.002231925967751,0.048,0.128,0.073,5.995008073994066,Electricity Price,$/kWh,0.010399999999998855
2,New York,SMR,5.965987740660735,6.071691740660733,0.006,0.03,0.013,5.995008073994066,Water Price (Hydrogen),$/gal,0.10570399999999847
0,New York,SMR,5.369636471215443,7.158172116687506,4.355,15.674,8.313,5.995008073994066,Natural Gas Price,$/MMBTU,1.788535645472063
1,North Carolina,SMR,5.794533088763952,5.799967088763951,0.044,0.086,0.061,5.796738513106057,Electricity Price,$/kWh,0.005434
2,North Carolina,SMR,5.767718179772723,5.873422179772724,0.006,0.03,0.013,5.796738513106057,Water Price (Hydrogen),$/gal,0.10570400000000113
0,North Carolina,SMR,5.2234887378973225,7.072910703215243,3.439,15.145,7.067,5.796738513106057,Natural Gas Price,$/MMBTU,1.8494219653179202
1,North Dakota,SMR,5.389839583203326,5.396781583203325,0.031,0.085,0.064,5.3940541917559575,Electricity Price,$/kWh,0.006942
2,North Dakota,SMR,5.365033858422624,5.470737858422624,0.006,0.03,0.013,5.3940541917559575,Water Price (Hydrogen),$/gal,0.10570400000000024
0,North Dakota,SMR,4.902697584920951,6.456820898986462,1.407,11.243,4.516,5.3940541917559575,Natural Gas Price,$/MMBTU,1.554123314065511
1,Ohio,SMR,5.906065976970038,5.915048976970039,0.04,0.11,0.063,5.909046312496354,Electricity Price,$/kWh,0.008983
2,Ohio,SMR,5.880025979163021,5.985729979163021,0.006,0.03,0.013,5.909046312496354,Water Price (Hydrogen),$/gal,0.10570400000000024
0,Ohio,SMR,5.304522022877293,7.100668458330087,3.95,15.318,7.776,5.909046312496354,Natural Gas Price,$/MMBTU,1.796146435452794
1,Oklahoma,SMR,5.755104814620018,5.761968814620017,0.029,0.082,0.053,5.758239311330543,Electricity Price,$/kWh,0.006864
2,Oklahoma,SMR,5.729218977997211,5.834922978,0.006,0.03,0.013,5.758239311330543,Water Price (Hydrogen),$/gal,0.10570399999999935
0,Oklahoma,SMR,4.902866631074992,8.142018846874608,1.416,21.917,6.83,5.758239311330543,Natural Gas Price,$/MMBTU,3.2391522157996153
1,Oregon,SMR,5.693733350975357,5.7000903509753575,0.037,0.086,0.058,5.696432518738515,Electricity Price,$/kWh,0.006357
2,Oregon,SMR,5.6674121854051815,5.773116185405182,0.006,0.03,0.013,5.696432518738515,Water Price (Hydrogen),$/gal,0.10570400000000024
0,Oregon,SMR,5.271820537195061,6.282533446636294,3.748,10.145,6.435,5.696432518738515,Natural Gas Price,$/MMBTU,1.0107129094412333
1,Pennsylvania,SMR,6.103036651365297,6.113358651365298,0.052,0.132,0.07,6.105401881628455,Electricity Price,$/kWh,0.010322000000001275
2,Pennsylvania,SMR,6.076381548295123,6.182085548295123,0.006,0.03,0.013,6.105401881628455,Water Price (Hydrogen),$/gal,0.10570400000000024
0,Pennsylvania,SMR,5.395222239386776,6.988921661352093,4.518,14.605,9.013,6.105401881628455,Natural Gas Price,$/MMBTU,1.5936994219653169
1,Rhode Island,SMR,6.265953485216892,6.292551485216892,0.072,0.277,0.136,6.274298758243208,Electricity Price,$/kWh,0.026598
2,Rhode Island,SMR,6.245278424909873,6.3509824249098745,0.006,0.03,0.013,6.274298758243208,Water Price (Hydrogen),$/gal,0.10570400000000113
0,Rhode Island,SMR,5.312485802381147,7.484605262882112,3.94,17.688,10.028,6.274298758243208,Natural Gas Price,$/MMBTU,2.172119460500965
1,South Carolina,SMR,5.629114861549901,5.636173861549901,0.036,0.09,0.057,5.6318257036551636,Electricity Price,$/kWh,0.007059
2,South Carolina,SMR,5.60280537,5.708509370321831,0.006,0.03,0.013,5.6318257036551636,Water Price (Hydrogen),$/gal,0.10570400000000113
0,South Carolina,SMR,5.140796623868572,7.218542288608456,2.919,16.069,6.027,5.6318257036551636,Natural Gas Price,$/MMBTU,2.0777456647398838
1,South Dakota,SMR,5.622676875465773,5.629826875465773,0.041,0.096,0.066,5.625906520202616,Electricity Price,$/kWh,0.00715
2,South Dakota,SMR,5.596886186869282,5.7025901868692825,0.006,0.03,0.013,5.625906520202616,Water Price (Hydrogen),$/gal,0.10570400000000024
0,South Dakota,SMR,5.245472170238109,6.435799723224621,3.574,11.108,5.982,5.625906520202616,Natural Gas Price,$/MMBTU,1.1903275529865116
1,Tennessee,SMR,5.649857672,5.655772671676001,0.037,0.083,0.058,5.652536056544421,Electricity Price,$/kWh,0.005915
2,Tennessee,SMR,5.623515723211088,5.729219723211088,0.006,0.03,0.013,5.652536056544421,Water Price (Hydrogen),$/gal,0.10570400000000024
0,Tennessee,SMR,5.171363326554659,6.9203228641269146,3.112,14.181,6.157,5.652536056544421,Natural Gas Price,$/MMBTU,1.7489595375722553
1,Texas,SMR,5.356997510999696,5.366500510999695,0.039,0.112,0.062,5.359904251131274,Electricity Price,$/kWh,0.009503
2,Texas,SMR,5.330883917797941,5.436587917797941,0.006,0.03,0.013,5.359904251131274,Water Price (Hydrogen),$/gal,0.10570400000000024
0,Texas,SMR,4.945076140391998,7.086752440970033,1.676,15.231,4.302,5.359904251131274,Natural Gas Price,$/MMBTU,2.141676300578035
1,Utah,SMR,5.591055907206977,5.599921907206976,0.031,0.099,0.055,5.594251854575397,Electricity Price,$/kWh,0.008866
2,Utah,SMR,5.5652315212420636,5.670935521242064,0.006,0.03,0.013,5.594251854575397,Water Price (Hydrogen),$/gal,0.10570400000000024
0,Utah,SMR,5.073643777301287,6.627767091366797,2.495,12.331,5.79,5.594251854575397,Natural Gas Price,$/MMBTU,1.5541233140655102
1,Vermont,SMR,5.603694937629855,5.6118849376298545,0.074,0.137,0.099,5.607046970524591,Electricity Price,$/kWh,0.00819
2,Vermont,SMR,5.5780266371912575,5.683730637191259,0.006,0.03,0.013,5.607046970524591,Water Price (Hydrogen),$/gal,0.10570400000000113
0,Vermont,SMR,5.160038236623364,6.539113381132035,3.006,11.734,5.835,5.607046970524591,Natural Gas Price,$/MMBTU,1.379075144508671
1,Virginia,SMR,5.643665109252495,5.652388109252495,0.039,0.106,0.064,5.64695381,Electricity Price,$/kWh,0.008723
2,Virginia,SMR,5.617933476577057,5.723637476577056,0.006,0.03,0.013,5.64695381,Water Price (Hydrogen),$/gal,0.10570399999999935
0,Virginia,SMR,5.096073742536811,7.091622875484788,2.63,15.26,6.117,5.64695381,Natural Gas Price,$/MMBTU,1.9955491329479766
1,Washington,SMR,6.026427750292532,6.031848750292532,0.03,0.072,0.049,6.028830483845163,Electricity Price,$/kWh,0.005421
2,Washington,SMR,5.999810150511831,6.105514151,0.006,0.03,0.013,6.028830483845163,Water Price (Hydrogen),$/gal,0.10570399999999935
0,Washington,SMR,5.1976155191695055,7.103357330344844,3.285,15.347,8.546,6.028830483845163,Natural Gas Price,$/MMBTU,1.9057418111753384
1,West Virginia,SMR,5.477604987558968,5.484585987558969,0.035,0.088,0.057,5.480444375716862,Electricity Price,$/kWh,0.006981
2,West Virginia,SMR,5.451424042383529,5.557128042,0.006,0.03,0.013,5.480444375716862,Water Price (Hydrogen),$/gal,0.10570400000000113
0,West Virginia,SMR,4.872856362599431,7.216979676664943,1.224,16.06,5.069,5.480444375716862,Natural Gas Price,$/MMBTU,2.344123314065512
1,Wisconsin,SMR,5.716070059828414,5.723402059828414,0.042,0.099,0.069,5.719566332854731,Electricity Price,$/kWh,0.007332
2,Wisconsin,SMR,5.690545999521397,5.796249999521397,0.006,0.03,0.013,5.719566332854731,Water Price (Hydrogen),$/gal,0.10570399999999935
0,Wisconsin,SMR,5.102811946889817,6.796973796600801,2.669,13.391,6.572,5.719566332854731,Natural Gas Price,$/MMBTU,1.6941618497109836
1,Wyoming,SMR,5.536243270183475,5.544303270183475,0.029,0.091,0.058,5.540001082683475,Electricity Price,$/kWh,0.00806
2,Wyoming,SMR,5.510980749350142,5.616684749350142,0.006,0.03,0.013,5.540001082683475,Water Price (Hydrogen),$/gal,0.10570400000000024
0,Wyoming,SMR,5.169854596190092,6.6585251164213055,3.102,12.524,5.445,5.540001082683475,Natural Gas Price,$/MMBTU,1.4886705202312136
1,Alabama,SMRCC,6.631460558762246,6.723110558762246,0.035,0.096,0.058,6.665811545604352,Electricity Price,$/kWh,0.09165
2,Alabama,SMRCC,6.611498628937685,6.809328628937685,0.006,0.03,0.013,6.665811545604352,Water Price (Hydrogen),$/gal,0.19782999999999973
0,Alabama,SMRCC,6.172303027198511,8.040048691938393,2.765,13.882,5.702,6.665811545604352,Natural Gas Price,$/MMBTU,1.867745664739883
1,Arizona,SMRCC,6.796580120672804,6.868730120672803,0.046,0.094,0.064,6.823547061462277,Electricity Price,$/kWh,0.07215
2,Arizona,SMRCC,6.769234145,6.967064144795609,0.006,0.03,0.013,6.823547061462277,Water Price (Hydrogen),$/gal,0.19782999999999884
0,Arizona,SMRCC,6.1490490389493475,7.7545981718973245,2.572,12.129,6.587,6.823547061462277,Natural Gas Price,$/MMBTU,1.605549132947976
1,Arkansas,SMRCC,6.914705173912841,6.996005173912838,0.034,0.089,0.057,6.948435930491788,Electricity Price,$/kWh,0.0813
2,Arkansas,SMRCC,6.894123014,7.091953013825121,0.006,0.03,0.013,6.948435930491788,Water Price (Hydrogen),$/gal,0.19783000000000062
0,Arkansas,SMRCC,6.5247836639873755,7.707905051270613,4.875,11.917,7.396,6.948435930491788,Natural Gas Price,$/MMBTU,1.1831213872832382
2,California,SMRCC,7.119228369770283,7.317058369770283,0.006,0.03,0.013,7.173541286436951,Water Price (Hydrogen),$/gal,0.19782999999999973
1,California,SMRCC,7.072134871963266,7.368834871963266,0.058,0.255,0.125,7.173541286436951,Electricity Price,$/kWh,0.2966999999999995
0,California,SMRCC,6.343722328,9.577479553095987,3.189,22.437,8.128,7.173541286436951,Natural Gas Price,$/MMBTU,3.2337572254335267
1,Colorado,SMRCC,6.837192563629907,6.930492563629908,0.036,0.098,0.069,6.887881214945696,Electricity Price,$/kWh,0.0933
2,Colorado,SMRCC,6.8335682982790305,7.031398298279031,0.006,0.03,0.013,6.887881214945696,Water Price (Hydrogen),$/gal,0.19783000000000062
0,Colorado,SMRCC,6.216455142539247,8.354489824620174,2.929,15.655,6.925,6.887881214945696,Natural Gas Price,$/MMBTU,2.138034682080927
2,Connecticut,SMRCC,7.0853450865738274,7.283175086573829,0.006,0.03,0.013,7.139658003240493,Water Price (Hydrogen),$/gal,0.1978300000000015
1,Connecticut,SMRCC,7.051000108503652,7.271200108503653,0.068,0.215,0.128,7.139658003240493,Electricity Price,$/kWh,0.22020000000000017
0,Connecticut,SMRCC,6.318190859948738,8.673104154746426,3.015,17.033,7.905,7.139658003240493,Natural Gas Price,$/MMBTU,2.3549132947976883
1,Delaware,SMRCC,7.456699286583918,7.620799286583919,0.029,0.138,0.079,7.532276589215497,Electricity Price,$/kWh,0.16410000000000124
2,Delaware,SMRCC,7.477963672548832,7.675793672548831,0.006,0.03,0.013,7.532276589215497,Water Price (Hydrogen),$/gal,0.19782999999999973
0,Delaware,SMRCC,6.169640903681627,9.871143793855035,2.563,24.595,10.674,7.532276589215497,Natural Gas Price,$/MMBTU,3.7015028901734084
1,Florida,SMRCC,6.928590290174574,7.008390290174574,0.049,0.103,0.077,6.969893086227206,Electricity Price,$/kWh,0.0798
2,Florida,SMRCC,6.915580169560538,7.113410169560538,0.006,0.03,0.013,6.969893086227206,Water Price (Hydrogen),$/gal,0.19782999999999973
0,Florida,SMRCC,6.389618998258747,8.012971599414817,3.892,13.555,7.346,6.969893086227206,Natural Gas Price,$/MMBTU,1.6233526011560695
1,Georgia,SMRCC,6.684602222893673,6.817802222893674,0.036,0.124,0.06,6.721067518946306,Electricity Price,$/kWh,0.13320000000000043
2,Georgia,SMRCC,6.666754602279639,6.864584602279639,0.006,0.03,0.013,6.721067518946306,Water Price (Hydrogen),$/gal,0.19783000000000062
0,Georgia,SMRCC,6.171630342189384,8.102497394212506,2.746,14.239,6.016,6.721067518946306,Natural Gas Price,$/MMBTU,1.930867052023121
1,Idaho,SMRCC,6.652761806100244,6.755661806100244,0.031,0.099,0.054,6.688189437679192,Electricity Price,$/kWh,0.10289999999999999
2,Idaho,SMRCC,6.6338765210125255,6.831706521012525,0.006,0.03,0.013,6.688189437679192,Water Price (Hydrogen),$/gal,0.19782999999999973
0,Idaho,SMRCC,6.265207995634775,7.407866955172348,3.353,10.154,5.87,6.688189437679192,Natural Gas Price,$/MMBTU,1.142658959537573
1,Illinois,SMRCC,6.866607288302862,6.970107288302861,0.039,0.108,0.066,6.906980479092335,Electricity Price,$/kWh,0.10349999999999948
2,Illinois,SMRCC,6.852667562425668,7.050497562425669,0.006,0.03,0.013,6.906980479092335,Water Price (Hydrogen),$/gal,0.19783000000000062
0,Illinois,SMRCC,6.1384073120707345,8.303956445018711,2.495,15.385,7.07,6.906980479092335,Natural Gas Price,$/MMBTU,2.1655491329479766
1,Indiana,SMRCC,6.841658312709335,6.933008312709335,0.038,0.099,0.064,6.8799581482356515,Electricity Price,$/kWh,0.09135
2,Indiana,SMRCC,6.825645231568985,7.023475231568984,0.006,0.03,0.013,6.8799581482356515,Water Price (Hydrogen),$/gal,0.19782999999999884
0,Indiana,SMRCC,6.256371240044571,8.145157367212201,3.218,14.461,6.93,6.8799581482356515,Natural Gas Price,$/MMBTU,1.8887861271676307
1,Iowa,SMRCC,6.716491663393853,6.7994416633938535,0.036,0.092,0.056,6.746117156814906,Electricity Price,$/kWh,0.08295
2,Iowa,SMRCC,6.69180424,6.88963424,0.006,0.03,0.013,6.746117156814906,Water Price (Hydrogen),$/gal,0.19782999999999973
0,Iowa,SMRCC,6.238672909500002,7.714742273661851,3.179,11.965,6.2,6.746117156814906,Natural Gas Price,$/MMBTU,1.4760693641618499
1,Kansas,SMRCC,6.648665339020546,6.723515339020546,0.041,0.091,0.066,6.686144615336336,Electricity Price,$/kWh,0.07485
2,Kansas,SMRCC,6.631831698669669,6.829661698669669,0.006,0.03,0.013,6.686144615336336,Water Price (Hydrogen),$/gal,0.19783000000000062
0,Kansas,SMRCC,6.174120334013235,7.800709929388958,2.707,12.389,5.755,6.686144615336336,Natural Gas Price,$/MMBTU,1.6265895953757221
1,Kentucky,SMRCC,6.596881285,6.6843312847004706,0.027,0.085,0.052,6.633994936,Electricity Price,$/kWh,0.08745
2,Kentucky,SMRCC,6.579682019349593,6.777512019349594,0.006,0.03,0.013,6.633994936,Water Price (Hydrogen),$/gal,0.19783000000000062
0,Kentucky,SMRCC,6.135101240805143,8.020650374,2.601,13.825,5.571,6.633994936,Natural Gas Price,$/MMBTU,1.8855491329479772
1,Louisiana,SMRCC,6.465985003544722,6.555385003544723,0.037,0.097,0.059,6.498208852228933,Electricity Price,$/kWh,0.0894
2,Louisiana,SMRCC,6.443895935562267,6.641725935562266,0.006,0.03,0.013,6.498208852228933,Water Price (Hydrogen),$/gal,0.19782999999999884
0,Louisiana,SMRCC,6.028679646266051,8.089026467,1.908,14.171,4.702,6.498208852228933,Natural Gas Price,$/MMBTU,2.060346820809249
2,Maine,SMRCC,7.310885073975751,7.5087150739757496,0.006,0.03,0.013,7.365197990642416,Water Price (Hydrogen),$/gal,0.19782999999999884
1,Maine,SMRCC,7.303509010379258,7.504959010379258,0.055,0.19,0.096,7.365197990642416,Electricity Price,$/kWh,0.20144999999999946
0,Maine,SMRCC,6.480208072642685,8.692693621775632,4.258,17.428,9.526,7.365197990642416,Natural Gas Price,$/MMBTU,2.212485549132948
2,Maryland,SMRCC,7.383871825677929,7.581701826,0.006,0.03,0.013,7.438184742344598,Water Price (Hydrogen),$/gal,0.1978300000000015
1,Maryland,SMRCC,7.356522571291967,7.619772571291965,0.03,0.205,0.084,7.438184742344598,Electricity Price,$/kWh,0.26324999999999843
0,Maryland,SMRCC,6.717653806784759,8.690601783663375,5.78,17.524,10.069,7.438184742344598,Natural Gas Price,$/MMBTU,1.9729479768786167
2,Massachusetts,SMRCC,7.560535165863454,7.758365165863454,0.006,0.03,0.013,7.614848083,Water Price (Hydrogen),$/gal,0.19782999999999973
1,Massachusetts,SMRCC,7.5248979180564355,7.737147918056436,0.076,0.217,0.136,7.614848083,Electricity Price,$/kWh,0.21225000000000094
0,Massachusetts,SMRCC,6.100456540090205,9.769589488067083,1.647,23.487,10.662,7.614848083,Natural Gas Price,$/MMBTU,3.6691329479768786
1,Michigan,SMRCC,6.916690768680105,6.996040768680105,0.045,0.098,0.069,6.9534693871011575,Electricity Price,$/kWh,0.07935
2,Michigan,SMRCC,6.899156470434493,7.096986470434489,0.006,0.03,0.013,6.9534693871011575,Water Price (Hydrogen),$/gal,0.19782999999999618
0,Michigan,SMRCC,6.324784416002892,7.732876901552024,3.574,11.956,7.316,6.9534693871011575,Natural Gas Price,$/MMBTU,1.4080924855491324
1,Minnesota,SMRCC,6.615598298342411,6.712798298342411,0.037,0.102,0.068,6.661636949658201,Electricity Price,$/kWh,0.0972
2,Minnesota,SMRCC,6.607324032991533,6.805154032991533,0.006,0.03,0.013,6.661636949658201,Water Price (Hydrogen),$/gal,0.19782999999999973
0,Minnesota,SMRCC,6.1231193043889585,7.749708899764679,2.389,12.071,5.595,6.661636949658201,Natural Gas Price,$/MMBTU,1.6265895953757212
1,Mississippi,SMRCC,6.673072378050351,6.726472378050351,0.04,0.076,0.06,6.702613496471404,Electricity Price,$/kWh,0.0534
2,Mississippi,SMRCC,6.6483005798047365,6.846130579804737,0.006,0.03,0.013,6.702613496471404,Water Price (Hydrogen),$/gal,0.19783000000000062
0,Mississippi,SMRCC,6.272252985367054,8.063929286,3.343,14.008,5.905,6.702613496471404,Natural Gas Price,$/MMBTU,1.791676300578036
1,Missouri,SMRCC,7.008465761074386,7.102515761074386,0.036,0.098,0.061,7.046996517653332,Electricity Price,$/kWh,0.09405
2,Missouri,SMRCC,6.992683600986664,7.190513600986666,0.006,0.03,0.013,7.046996517653332,Water Price (Hydrogen),$/gal,0.1978300000000015
0,Missouri,SMRCC,6.1557423345076066,8.115742334507608,2.64,14.306,7.945,7.046996517653332,Natural Gas Price,$/MMBTU,1.9600000000000026
1,Montana,SMRCC,6.872820948175085,7.037520948175085,0.032,0.141,0.056,6.9091801587014015,Electricity Price,$/kWh,0.16469999999999985
2,Montana,SMRCC,6.854867242034736,7.052697242034735,0.006,0.03,0.013,6.9091801587014015,Water Price (Hydrogen),$/gal,0.19782999999999884
0,Montana,SMRCC,6.090923389611045,8.093004314466537,2.303,14.22,7.173,6.9091801587014015,Natural Gas Price,$/MMBTU,2.002080924855493
1,Nebraska,SMRCC,6.5975790406606345,6.694929040660634,0.034,0.099,0.063,6.640926573555371,Electricity Price,$/kWh,0.09735
2,Nebraska,SMRCC,6.586613656888704,6.784443656888705,0.006,0.03,0.013,6.640926573555371,Water Price (Hydrogen),$/gal,0.19783000000000062
0,Nebraska,SMRCC,6.224967492326287,7.686470382499697,3.035,11.734,5.511,6.640926573555371,Natural Gas Price,$/MMBTU,1.46150289
1,Nevada,SMRCC,7.011358396823885,7.156258396823887,0.032,0.128,0.072,7.0708092191923075,Electricity Price,$/kWh,0.14490000000000158
2,Nevada,SMRCC,7.016496303,7.214326303,0.006,0.03,0.013,7.0708092191923075,Water Price (Hydrogen),$/gal,0.19782999999999973
0,Nevada,SMRCC,6.344291591048527,8.046950550586097,3.671,13.805,7.995,7.0708092191923075,Natural Gas Price,$/MMBTU,1.7026589595375707
1,New Hampshire,SMRCC,7.425200763,7.607600763,0.082,0.204,0.127,7.491946321806055,Electricity Price,$/kWh,0.18240000000000034
2,New Hampshire,SMRCC,7.437633405,7.635463405,0.006,0.03,0.013,7.491946321806055,Water Price (Hydrogen),$/gal,0.19782999999999973
0,New Hampshire,SMRCC,6.411301356792365,8.894075923266353,3.574,18.353,10.007,7.491946321806055,Natural Gas Price,$/MMBTU,2.4827745664739878
1,New Jersey,SMRCC,7.149048731441699,7.286448731,0.071,0.163,0.107,7.202246429,Electricity Price,$/kWh,0.1374000000000013
2,New Jersey,SMRCC,7.147933512143453,7.345763512143455,0.006,0.03,0.013,7.202246429,Water Price (Hydrogen),$/gal,0.1978300000000015
0,New Jersey,SMRCC,6.430826905354884,8.776029217493612,3.873,17.832,8.465,7.202246429,Natural Gas Price,$/MMBTU,2.3452023121387287
1,New Mexico,SMRCC,6.6426533667221825,6.698153366722182,0.039,0.076,0.058,6.670545472,Electricity Price,$/kWh,0.0555
2,New Mexico,SMRCC,6.616232555318673,6.814062555318674,0.006,0.03,0.013,6.670545472,Water Price (Hydrogen),$/gal,0.1978300000000015
0,New Mexico,SMRCC,6.004988943307425,8.240133451977945,1.773,15.077,5.734,6.670545472,Natural Gas Price,$/MMBTU,2.235144508670521
1,New York,SMRCC,7.0890061474449375,7.209006147444937,0.048,0.128,0.073,7.125654009287041,Electricity Price,$/kWh,0.11999999999999922
2,New York,SMRCC,7.071341092620375,7.269171092620374,0.006,0.03,0.013,7.125654009287041,Water Price (Hydrogen),$/gal,0.19782999999999884
0,New York,SMRCC,6.460701925319897,8.362436029,4.355,15.674,8.313,7.125654009287041,Natural Gas Price,$/MMBTU,1.901734104046243
1,North Carolina,SMRCC,6.873228244595326,6.935928244595326,0.044,0.086,0.061,6.898675448542695,Electricity Price,$/kWh,0.0627
2,North Carolina,SMRCC,6.844362531876028,7.042192531876029,0.006,0.03,0.013,6.898675448542695,Water Price (Hydrogen),$/gal,0.19783000000000062
0,North Carolina,SMRCC,6.2891440419916345,8.255618030430941,3.439,15.145,7.067,6.898675448542695,Natural Gas Price,$/MMBTU,1.966473988439306
1,North Dakota,SMRCC,6.425899074,6.505999074125801,0.031,0.085,0.064,6.474529173,Electricity Price,$/kWh,0.0801
2,North Dakota,SMRCC,6.420216256143345,6.618046256143344,0.006,0.03,0.013,6.474529173,Water Price (Hydrogen),$/gal,0.19782999999999973
0,North Dakota,SMRCC,5.952074046555066,7.6045595956880145,1.407,11.243,4.516,6.474529173,Natural Gas Price,$/MMBTU,1.6524855491329493
1,Ohio,SMRCC,6.987462505472686,7.091112505472685,0.04,0.11,0.063,7.021850992314791,Electricity Price,$/kWh,0.10364999999999913
2,Ohio,SMRCC,6.9675380756481236,7.165368075648123,0.006,0.03,0.013,7.021850992314791,Water Price (Hydrogen),$/gal,0.19782999999999973
0,Ohio,SMRCC,6.379065671707181,8.288892261302557,3.95,15.318,7.776,7.021850992314791,Natural Gas Price,$/MMBTU,1.9098265895953759
1,Oklahoma,SMRCC,6.811422636644814,6.890622636644814,0.029,0.082,0.053,6.847589906381657,Electricity Price,$/kWh,0.0792
2,Oklahoma,SMRCC,6.79327699,6.99110699,0.006,0.03,0.013,6.847589906381657,Water Price (Hydrogen),$/gal,0.19783000000000062
0,Oklahoma,SMRCC,5.938079714717524,9.382241564428508,1.416,21.917,6.83,6.847589906381657,Natural Gas Price,$/MMBTU,3.4441618497109836
1,Oregon,SMRCC,6.756924903149225,6.830274903149225,0.037,0.086,0.058,6.788069146570278,Electricity Price,$/kWh,0.07335
2,Oregon,SMRCC,6.733756229903612,6.931586229903612,0.006,0.03,0.013,6.788069146570278,Water Price (Hydrogen),$/gal,0.19782999999999973
0,Oregon,SMRCC,6.336582989,7.411265069904626,3.748,10.145,6.435,6.788069146570278,Natural Gas Price,$/MMBTU,1.0746820809248563
1,Pennsylvania,SMRCC,7.2126962352094175,7.331796235209417,0.052,0.132,0.07,7.239987354,Electricity Price,$/kWh,0.11909999999999954
2,Pennsylvania,SMRCC,7.185674436963803,7.383504436963802,0.006,0.03,0.013,7.239987354,Water Price (Hydrogen),$/gal,0.19782999999999973
0,Pennsylvania,SMRCC,6.4848596327658985,8.179426106754336,4.518,14.605,9.013,7.239987354,Natural Gas Price,$/MMBTU,1.6945664739884378
2,Rhode Island,SMRCC,7.455274576505538,7.653104576505537,0.006,0.03,0.013,7.509587493172203,Water Price (Hydrogen),$/gal,0.19782999999999973
1,Rhode Island,SMRCC,7.4132958813300975,7.720195881330098,0.072,0.277,0.136,7.509587493172203,Electricity Price,$/kWh,0.3069000000000006
0,Rhode Island,SMRCC,6.4869002995973535,8.796495675319898,3.94,17.688,10.028,7.509587493172203,Natural Gas Price,$/MMBTU,2.3095953757225445
1,South Carolina,SMRCC,6.686854863760134,6.768304863760133,0.036,0.09,0.057,6.7181338111285545,Electricity Price,$/kWh,0.08145
2,South Carolina,SMRCC,6.663820894461889,6.861650894461887,0.006,0.03,0.013,6.7181338111285545,Water Price (Hydrogen),$/gal,0.19782999999999795
0,South Carolina,SMRCC,6.196026941482051,8.405275496395348,2.919,16.069,6.027,6.7181338111285545,Natural Gas Price,$/MMBTU,2.2092485549132963
1,South Dakota,SMRCC,6.686818270961822,6.769318270961822,0.041,0.096,0.066,6.724083402540768,Electricity Price,$/kWh,0.0825
2,South Dakota,SMRCC,6.669770485874102,6.867600485874101,0.006,0.03,0.013,6.724083402540768,Water Price (Hydrogen),$/gal,0.19782999999999973
0,South Dakota,SMRCC,6.319570929160786,7.585235669045181,3.574,11.108,5.982,6.724083402540768,Natural Gas Price,$/MMBTU,1.2656647398843948
1,Tennessee,SMRCC,6.7105446365524415,6.778794636552442,0.037,0.083,0.058,6.741449077341915,Electricity Price,$/kWh,0.06825
2,Tennessee,SMRCC,6.687136160675248,6.884966160675249,0.006,0.03,0.013,6.741449077341915,Water Price (Hydrogen),$/gal,0.19783000000000062
0,Tennessee,SMRCC,6.229822377099636,8.089475556290386,3.112,14.181,6.157,6.741449077341915,Natural Gas Price,$/MMBTU,1.859653179190751
1,Texas,SMRCC,6.402144921402952,6.511794921402952,0.039,0.112,0.062,6.435684230613479,Electricity Price,$/kWh,0.10965000000000025
2,Texas,SMRCC,6.381371313946813,6.579201313946812,0.006,0.03,0.013,6.435684230613479,Water Price (Hydrogen),$/gal,0.19782999999999884
0,Texas,SMRCC,5.994601176156527,8.271826609682538,1.676,15.231,4.302,6.435684230613479,Natural Gas Price,$/MMBTU,2.277225433526011
1,Utah,SMRCC,6.639442076863858,6.741742076863859,0.031,0.099,0.055,6.676318392653333,Electricity Price,$/kWh,0.1023000000000005
2,Utah,SMRCC,6.622005475986667,6.819835475986666,0.006,0.03,0.013,6.676318392653333,Water Price (Hydrogen),$/gal,0.19782999999999973
0,Utah,SMRCC,6.122760437070735,7.775245986203682,2.495,12.331,5.79,6.676318392653333,Natural Gas Price,$/MMBTU,1.6524855491329467
1,Vermont,SMRCC,6.711164894022362,6.805664894022362,0.074,0.137,0.099,6.749842197,Electricity Price,$/kWh,0.0945
2,Vermont,SMRCC,6.695529279987274,6.8933592799872745,0.006,0.03,0.013,6.749842197,Water Price (Hydrogen),$/gal,0.19783000000000062
0,Vermont,SMRCC,6.274541770733649,7.740900152236539,3.006,11.734,5.835,6.749842197,Natural Gas Price,$/MMBTU,1.4663583815028893
1,Virginia,SMRCC,6.706138975241373,6.806788975241373,0.039,0.106,0.064,6.7440855212940045,Electricity Price,$/kWh,0.1006499999999999
2,Virginia,SMRCC,6.689772604627338,6.887602604627338,0.006,0.03,0.013,6.7440855212940045,Water Price (Hydrogen),$/gal,0.19782999999999973
0,Virginia,SMRCC,6.158339626871465,8.280189337854125,2.63,15.26,6.117,6.7440855212940045,Natural Gas Price,$/MMBTU,2.1218497109826613
1,Washington,SMRCC,7.101824391,7.164374391,0.03,0.072,0.049,7.129548239714989,Electricity Price,$/kWh,0.06255
2,Washington,SMRCC,7.075235323048322,7.273065323048321,0.006,0.03,0.013,7.129548239714989,Water Price (Hydrogen),$/gal,0.19782999999999973
0,Washington,SMRCC,6.245724732971253,8.272083114474142,3.285,15.347,8.546,7.129548239714989,Natural Gas Price,$/MMBTU,2.026358382
1,West Virginia,SMRCC,6.523985453440661,6.6045354534406595,0.035,0.088,0.057,6.556747624493292,Electricity Price,$/kWh,0.08055
2,West Virginia,SMRCC,6.502434707826625,6.700264707826625,0.006,0.03,0.013,6.556747624493292,Water Price (Hydrogen),$/gal,0.19782999999999973
0,West Virginia,SMRCC,5.910704673836782,8.403190222969734,1.224,16.06,5.069,6.556747624493292,Natural Gas Price,$/MMBTU,2.4924855491329527
1,Wisconsin,SMRCC,6.7877565429423505,6.8723565429423505,0.042,0.099,0.069,6.828098154784456,Electricity Price,$/kWh,0.0846
2,Wisconsin,SMRCC,6.773785238117789,6.9716152381177885,0.006,0.03,0.013,6.828098154784456,Water Price (Hydrogen),$/gal,0.19782999999999973
0,Wisconsin,SMRCC,6.172308681100245,7.973695964337239,2.669,13.391,6.572,6.828098154784456,Natural Gas Price,$/MMBTU,1.8013872832369948
1,Wyoming,SMRCC,6.578572918509757,6.6715729185097565,0.029,0.091,0.058,6.621932293509756,Electricity Price,$/kWh,0.093
2,Wyoming,SMRCC,6.567619376843089,6.7654493768430894,0.006,0.03,0.013,6.621932293509756,Water Price (Hydrogen),$/gal,0.19783000000000062
0,Wyoming,SMRCC,6.228358814200336,7.811248987610741,3.102,12.524,5.445,6.621932293509756,Natural Gas Price,$/MMBTU,1.582890173410405
0,Alabama,Electrolysis,8.263730454589911,8.263730454589911,2.765,13.882,5.702,8.263730454589911,Natural Gas Price,$/MMBTU,0
2,Alabama,Electrolysis,8.238477955,8.330457955,0.006,0.03,0.013,8.263730454589911,Water Price (Hydrogen),$/gal,0.09198
1,Alabama,Electrolysis,6.992743941432015,10.383793941432014,0.035,0.096,0.058,8.263730454589911,Electricity Price,$/kWh,3.39105
0,Arizona,Electrolysis,8.601020750642544,8.601020750642544,2.572,12.129,6.587,8.601020750642544,Natural Gas Price,$/MMBTU,0
2,Arizona,Electrolysis,8.575768250642541,8.667748250642541,0.006,0.03,0.013,8.601020750642544,Water Price (Hydrogen),$/gal,0.09198
1,Arizona,Electrolysis,7.603243941432016,10.272793941432013,0.046,0.094,0.064,8.601020750642544,Electricity Price,$/kWh,2.6695499999999974
0,Arkansas,Electrolysis,8.190831934853069,8.190831934853069,4.875,11.917,7.396,8.190831934853069,Natural Gas Price,$/MMBTU,0
2,Arkansas,Electrolysis,8.165579434853068,8.257559434853068,0.006,0.03,0.013,8.190831934853069,Water Price (Hydrogen),$/gal,0.09198
1,Arkansas,Electrolysis,6.942793941432017,9.950893941432016,0.034,0.089,0.057,8.190831934853069,Electricity Price,$/kWh,3.008099999999999
0,California,Electrolysis,11.97133127695833,11.97133127695833,3.189,22.437,8.128,11.97133127695833,Natural Gas Price,$/MMBTU,0
2,California,Electrolysis,11.946078776958332,12.038058776958332,0.006,0.03,0.013,11.97133127695833,Water Price (Hydrogen),$/gal,0.09198
1,California,Electrolysis,8.219293941432017,19.197193941432012,0.058,0.255,0.125,11.97133127695833,Electricity Price,$/kWh,10.977899999999993
0,Colorado,Electrolysis,8.879324040116224,8.879324040116224,2.929,15.655,6.925,8.879324040116224,Natural Gas Price,$/MMBTU,0
2,Colorado,Electrolysis,8.854071540116227,8.946051540116226,0.006,0.03,0.013,8.879324040116224,Water Price (Hydrogen),$/gal,0.09198
1,Colorado,Electrolysis,7.003843941432017,10.455943941432018,0.036,0.098,0.069,8.879324040116224,Electricity Price,$/kWh,3.4521000000000015
0,Connecticut,Electrolysis,12.104586046695168,12.104586046695168,3.015,17.033,7.905,12.104586046695168,Natural Gas Price,$/MMBTU,0
2,Connecticut,Electrolysis,12.079333546695167,12.17131354669517,0.006,0.03,0.013,12.104586046695168,Water Price (Hydrogen),$/gal,0.09198
1,Connecticut,Electrolysis,8.824243941432016,16.97164394143201,0.068,0.215,0.128,12.104586046695168,Electricity Price,$/kWh,8.147399999999994
0,Delaware,Electrolysis,9.422804138800437,9.422804138800437,2.563,24.595,10.674,9.422804138800437,Natural Gas Price,$/MMBTU,0
2,Delaware,Electrolysis,9.397551638800438,9.489531638800434,0.006,0.03,0.013,9.422804138800437,Water Price (Hydrogen),$/gal,0.09198
1,Delaware,Electrolysis,6.626443941432015,12.698143941432011,0.029,0.138,0.079,9.422804138800437,Electricity Price,$/kWh,6.071699999999996
0,Florida,Electrolysis,9.297947395379385,9.297947395379385,3.892,13.555,7.346,9.297947395379385,Natural Gas Price,$/MMBTU,0
2,Florida,Electrolysis,9.272694895379383,9.364674895379384,0.006,0.03,0.013,9.297947395379385,Water Price (Hydrogen),$/gal,0.09198
1,Florida,Electrolysis,7.769743941432015,10.722343941432015,0.049,0.103,0.077,9.297947395379385,Electricity Price,$/kWh,2.9526000000000003
0,Georgia,Electrolysis,8.358609895379383,8.358609895379383,2.746,14.239,6.016,8.358609895379383,Natural Gas Price,$/MMBTU,0
2,Georgia,Electrolysis,8.333357395379384,8.425337395379385,0.006,0.03,0.013,8.358609895379383,Water Price (Hydrogen),$/gal,0.09198
1,Georgia,Electrolysis,7.009393941432016,11.937793941432016,0.036,0.124,0.06,8.358609895379383,Electricity Price,$/kWh,4.9284
0,Idaho,Electrolysis,8.048266309853068,8.048266309853068,3.353,10.154,5.87,8.048266309853068,Natural Gas Price,$/MMBTU,0
2,Idaho,Electrolysis,8.023013809853069,8.11499381,0.006,0.03,0.013,8.048266309853068,Water Price (Hydrogen),$/gal,0.09198
1,Idaho,Electrolysis,6.7374439414320175,10.544743941432012,0.031,0.099,0.054,8.048266309853068,Electricity Price,$/kWh,3.8072999999999944
0,Illinois,Electrolysis,8.686352001,8.686352001,2.495,15.385,7.07,8.686352001,Natural Gas Price,$/MMBTU,0
2,Illinois,Electrolysis,8.661099501,8.753079500642539,0.006,0.03,0.013,8.686352001,Water Price (Hydrogen),$/gal,0.09198
1,Illinois,Electrolysis,7.192543941432013,11.02204394143201,0.039,0.108,0.066,8.686352001,Electricity Price,$/kWh,3.829499999999996
0,Indiana,Electrolysis,8.559687856,8.559687856,3.218,14.461,6.93,8.559687856,Natural Gas Price,$/MMBTU,0
2,Indiana,Electrolysis,8.534435355905696,8.626415356,0.006,0.03,0.013,8.559687856,Water Price (Hydrogen),$/gal,0.09198
1,Indiana,Electrolysis,7.1425939414320165,10.522543941432016,0.038,0.099,0.064,8.559687856,Electricity Price,$/kWh,3.379949999999999
0,Iowa,Electrolysis,8.144387198010964,8.144387198010964,3.179,11.965,6.2,8.144387198010964,Natural Gas Price,$/MMBTU,0
2,Iowa,Electrolysis,8.119134698010964,8.211114698010961,0.006,0.03,0.013,8.144387198010964,Water Price (Hydrogen),$/gal,0.09198
1,Iowa,Electrolysis,7.048243941432018,10.117393941432017,0.036,0.092,0.056,8.144387198010964,Electricity Price,$/kWh,3.0691499999999987
0,Kansas,Electrolysis,8.690277165116225,8.690277165116225,2.707,12.389,5.755,8.690277165116225,Natural Gas Price,$/MMBTU,0
2,Kansas,Electrolysis,8.665024665116224,8.757004665116225,0.006,0.03,0.013,8.690277165116225,Water Price (Hydrogen),$/gal,0.09198
1,Kansas,Electrolysis,7.3035439414320145,10.072993941432019,0.041,0.091,0.066,8.690277165116225,Electricity Price,$/kWh,2.7694500000000044
0,Kentucky,Electrolysis,7.905299040116224,7.905299040116224,2.601,13.825,5.571,7.905299040116224,Natural Gas Price,$/MMBTU,0
2,Kentucky,Electrolysis,7.8800465401162265,7.972026540116226,0.006,0.03,0.013,7.905299040116224,Water Price (Hydrogen),$/gal,0.09198
1,Kentucky,Electrolysis,6.5320939414320165,9.767743941432013,0.027,0.085,0.052,7.905299040116224,Electricity Price,$/kWh,3.235649999999996
0,Louisiana,Electrolysis,8.279376342747806,8.279376342747806,1.908,14.171,4.702,8.279376342747806,Natural Gas Price,$/MMBTU,0
2,Louisiana,Electrolysis,8.254123842747806,8.346103842747805,0.006,0.03,0.013,8.279376342747806,Water Price (Hydrogen),$/gal,0.09198
1,Louisiana,Electrolysis,7.087093941432016,10.394893941432013,0.037,0.097,0.059,8.279376342747806,Electricity Price,$/kWh,3.3077999999999967
0,Maine,Electrolysis,10.374136211168857,10.374136211168857,4.258,17.428,9.526,10.374136211168857,Natural Gas Price,$/MMBTU,0
2,Maine,Electrolysis,10.348883711168853,10.440863711168856,0.006,0.03,0.013,10.374136211168857,Water Price (Hydrogen),$/gal,0.09198
1,Maine,Electrolysis,8.091643941432016,15.54529394143201,0.055,0.19,0.096,10.374136211168857,Electricity Price,$/kWh,7.453649999999993
0,Maryland,Electrolysis,9.697894270379383,9.697894270379383,5.78,17.524,10.069,9.697894270379383,Natural Gas Price,$/MMBTU,0
2,Maryland,Electrolysis,9.672641770379386,9.764621770379385,0.006,0.03,0.013,9.697894270379383,Water Price (Hydrogen),$/gal,0.09198
1,Maryland,Electrolysis,6.676393941432018,16.416643941432007,0.03,0.205,0.084,9.697894270379383,Electricity Price,$/kWh,9.740249999999989
0,Massachusetts,Electrolysis,12.552000026958329,12.552000026958329,1.647,23.487,10.662,12.552000026958329,Natural Gas Price,$/MMBTU,0
2,Massachusetts,Electrolysis,12.526747526958331,12.618727526958327,0.006,0.03,0.013,12.552000026958329,Water Price (Hydrogen),$/gal,0.09198
1,Massachusetts,Electrolysis,9.223843941432015,17.077093941432008,0.076,0.217,0.136,12.552000026958329,Electricity Price,$/kWh,7.853249999999992
0,Michigan,Electrolysis,8.875252823010962,8.875252823010962,3.574,11.956,7.316,8.875252823010962,Natural Gas Price,$/MMBTU,0
2,Michigan,Electrolysis,8.850000323010963,8.941980323010963,0.006,0.03,0.013,8.875252823010962,Water Price (Hydrogen),$/gal,0.09198
1,Michigan,Electrolysis,7.514443941432017,10.450393941432012,0.045,0.098,0.069,8.875252823010962,Electricity Price,$/kWh,2.9359499999999947
0,Minnesota,Electrolysis,8.779424040116226,8.779424040116226,2.389,12.071,5.595,8.779424040116226,Natural Gas Price,$/MMBTU,0
2,Minnesota,Electrolysis,8.754171540116225,8.846151540116226,0.006,0.03,0.013,8.779424040116226,Water Price (Hydrogen),$/gal,0.09198
1,Minnesota,Electrolysis,7.075993941432017,10.672393941432013,0.037,0.102,0.068,8.779424040116226,Electricity Price,$/kWh,3.5963999999999956
0,Mississippi,Electrolysis,8.368815323010963,8.368815323010963,3.343,14.008,5.905,8.368815323010963,Natural Gas Price,$/MMBTU,0
2,Mississippi,Electrolysis,8.343562823010961,8.435542823010962,0.006,0.03,0.013,8.368815323010963,Water Price (Hydrogen),$/gal,0.09198
1,Mississippi,Electrolysis,7.275793941432015,9.251593941432013,0.04,0.076,0.06,8.368815323010963,Electricity Price,$/kWh,1.9757999999999978
0,Missouri,Electrolysis,8.429481934853069,8.429481934853069,2.64,14.306,7.945,8.429481934853069,Natural Gas Price,$/MMBTU,0
2,Missouri,Electrolysis,8.404229434853068,8.496209434853068,0.006,0.03,0.013,8.429481934853069,Water Price (Hydrogen),$/gal,0.09198
1,Missouri,Electrolysis,7.003843941432017,10.483693941432012,0.036,0.098,0.061,8.429481934853069,Electricity Price,$/kWh,3.4798499999999954
0,Montana,Electrolysis,8.127134730905702,8.127134730905702,2.303,14.22,7.173,8.127134730905702,Natural Gas Price,$/MMBTU,0
2,Montana,Electrolysis,8.101882231,8.193862231,0.006,0.03,0.013,8.127134730905702,Water Price (Hydrogen),$/gal,0.09198
1,Montana,Electrolysis,6.781843941432016,12.875743941432011,0.032,0.141,0.056,8.127134730905702,Electricity Price,$/kWh,6.093899999999994
0,Nebraska,Electrolysis,8.535552658537279,8.535552658537279,3.035,11.734,5.511,8.535552658537279,Natural Gas Price,$/MMBTU,0
2,Nebraska,Electrolysis,8.510300159,8.602280159,0.006,0.03,0.013,8.535552658537279,Water Price (Hydrogen),$/gal,0.09198
1,Nebraska,Electrolysis,6.931693941432016,10.533643941432015,0.034,0.099,0.063,8.535552658537279,Electricity Price,$/kWh,3.6019499999999987
0,Nevada,Electrolysis,8.998174369063594,8.998174369063594,3.671,13.805,7.995,8.998174369063594,Natural Gas Price,$/MMBTU,0
2,Nevada,Electrolysis,8.972921869063594,9.064901869063593,0.006,0.03,0.013,8.998174369063594,Water Price (Hydrogen),$/gal,0.09198
1,Nevada,Electrolysis,6.798493941432016,12.159793941432014,0.032,0.128,0.072,8.998174369063594,Electricity Price,$/kWh,5.361299999999998
0,New Hampshire,Electrolysis,12.076379632221487,12.076379632221487,3.574,18.353,10.007,12.076379632221487,Natural Gas Price,$/MMBTU,0
2,New Hampshire,Electrolysis,12.051127132221488,12.14310713222149,0.006,0.03,0.013,12.076379632221487,Water Price (Hydrogen),$/gal,0.09198
1,New Hampshire,Electrolysis,9.606793941432015,16.355593941432012,0.082,0.204,0.127,12.076379632221487,Electricity Price,$/kWh,6.7487999999999975
0,New Jersey,Electrolysis,10.942408744063592,10.942408744063592,3.873,17.832,8.465,10.942408744063592,Natural Gas Price,$/MMBTU,0
2,New Jersey,Electrolysis,10.917156244063591,11.009136244063594,0.006,0.03,0.013,10.942408744063592,Water Price (Hydrogen),$/gal,0.09198
1,New Jersey,Electrolysis,8.974093941432013,14.05789394143201,0.071,0.163,0.107,10.942408744063592,Electricity Price,$/kWh,5.0837999999999965
0,New Mexico,Electrolysis,8.241201836168859,8.241201836168859,1.773,15.077,5.734,8.241201836168859,Natural Gas Price,$/MMBTU,0
2,New Mexico,Electrolysis,8.215949336168856,8.307929336168858,0.006,0.03,0.013,8.241201836168859,Water Price (Hydrogen),$/gal,0.09198
1,New Mexico,Electrolysis,7.209193941432018,9.262693941432016,0.039,0.076,0.058,8.241201836168859,Electricity Price,$/kWh,2.053499999999998
0,New York,Electrolysis,9.05356483,9.05356483,4.355,15.674,8.313,9.05356483,Natural Gas Price,$/MMBTU,0
2,New York,Electrolysis,9.028312329589909,9.12029233,0.006,0.03,0.013,9.05356483,Water Price (Hydrogen),$/gal,0.09198
1,New York,Electrolysis,7.697593941432016,12.137593941432012,0.048,0.128,0.073,9.05356483,Electricity Price,$/kWh,4.439999999999996
0,North Carolina,Electrolysis,8.394940487484646,8.394940487484646,3.439,15.145,7.067,8.394940487484646,Natural Gas Price,$/MMBTU,0
2,North Carolina,Electrolysis,8.369687987484646,8.461667987484645,0.006,0.03,0.013,8.394940487484646,Water Price (Hydrogen),$/gal,0.09198
1,North Carolina,Electrolysis,7.453393941432016,9.773293941,0.044,0.086,0.061,8.394940487484646,Electricity Price,$/kWh,2.3198999999999934
0,North Dakota,Electrolysis,8.558957592747806,8.558957592747806,1.407,11.243,4.516,8.558957592747806,Natural Gas Price,$/MMBTU,0
2,North Dakota,Electrolysis,8.533705092747805,8.625685092747807,0.006,0.03,0.013,8.558957592747806,Water Price (Hydrogen),$/gal,0.09198
1,North Dakota,Electrolysis,6.759643941432016,9.723343941432017,0.031,0.085,0.064,8.558957592747806,Electricity Price,$/kWh,2.9636999999999993
0,Ohio,Electrolysis,8.548167955,8.548167955,3.95,15.318,7.776,8.548167955,Natural Gas Price,$/MMBTU,0
2,Ohio,Electrolysis,8.522915455,8.614895455,0.006,0.03,0.013,8.548167955,Water Price (Hydrogen),$/gal,0.09198
1,Ohio,Electrolysis,7.275793941432015,11.110843941432016,0.04,0.11,0.063,8.548167955,Electricity Price,$/kWh,3.8350500000000007
0,Oklahoma,Electrolysis,7.9812829216951755,7.9812829216951755,1.416,21.917,6.83,7.9812829216951755,Natural Gas Price,$/MMBTU,0
2,Oklahoma,Electrolysis,7.956030421695171,8.048010421695171,0.006,0.03,0.013,7.9812829216951755,Water Price (Hydrogen),$/gal,0.09198
1,Oklahoma,Electrolysis,6.643093941432016,9.573493941432014,0.029,0.082,0.053,7.9812829216951755,Electricity Price,$/kWh,2.930399999999999
0,Oregon,Electrolysis,8.233880948010963,8.233880948010963,3.748,10.145,6.435,8.233880948010963,Natural Gas Price,$/MMBTU,0
2,Oregon,Electrolysis,8.208628448010964,8.300608448010962,0.006,0.03,0.013,8.233880948010963,Water Price (Hydrogen),$/gal,0.09198
1,Oregon,Electrolysis,7.081543941432017,9.795493941432015,0.037,0.086,0.058,8.233880948010963,Electricity Price,$/kWh,2.7139499999999988
0,Pennsylvania,Electrolysis,8.929365323010963,8.929365323010963,4.518,14.605,9.013,8.929365323010963,Natural Gas Price,$/MMBTU,0
2,Pennsylvania,Electrolysis,8.904112823010962,8.996092823010962,0.006,0.03,0.013,8.929365323010963,Water Price (Hydrogen),$/gal,0.09198
1,Pennsylvania,Electrolysis,7.919593941432017,12.326293941432013,0.052,0.132,0.07,8.929365323010963,Electricity Price,$/kWh,4.406699999999997
0,Rhode Island,Electrolysis,12.59793357958991,12.59793357958991,3.94,17.688,10.028,12.59793357958991,Natural Gas Price,$/MMBTU,0
2,Rhode Island,Electrolysis,12.572681079589904,12.664661079589912,0.006,0.03,0.013,12.59793357958991,Water Price (Hydrogen),$/gal,0.09198
1,Rhode Island,Electrolysis,9.035143941432015,20.390443941432004,0.072,0.277,0.136,12.59793357958991,Electricity Price,$/kWh,11.355299999999989
0,South Carolina,Electrolysis,8.183364994063595,8.183364994063595,2.919,16.069,6.027,8.183364994063595,Natural Gas Price,$/MMBTU,0
2,South Carolina,Electrolysis,8.158112494063595,8.250092494063594,0.006,0.03,0.013,8.183364994063595,Water Price (Hydrogen),$/gal,0.09198
1,South Carolina,Electrolysis,7.026043941432018,10.039693941432017,0.036,0.09,0.057,8.183364994063595,Electricity Price,$/kWh,3.0136499999999984
0,South Dakota,Electrolysis,8.682353809853069,8.682353809853069,3.574,11.108,5.982,8.682353809853069,Natural Gas Price,$/MMBTU,0
2,South Dakota,Electrolysis,8.657101309853068,8.749081309853068,0.006,0.03,0.013,8.682353809853069,Water Price (Hydrogen),$/gal,0.09198
1,South Dakota,Electrolysis,7.3035439414320145,10.356043941432016,0.041,0.096,0.066,8.682353809853069,Electricity Price,$/kWh,3.052500000000002
0,Tennessee,Electrolysis,8.236108250642541,8.236108250642541,3.112,14.181,6.157,8.236108250642541,Natural Gas Price,$/MMBTU,0
2,Tennessee,Electrolysis,8.210855750642544,8.302835751,0.006,0.03,0.013,8.236108250642541,Water Price (Hydrogen),$/gal,0.09198
1,Tennessee,Electrolysis,7.092643941432016,9.617893941432015,0.037,0.083,0.058,8.236108250642541,Electricity Price,$/kWh,2.5252499999999998
0,Texas,Electrolysis,8.455698382221488,8.455698382221488,1.676,15.231,4.302,8.455698382221488,Natural Gas Price,$/MMBTU,0
2,Texas,Electrolysis,8.430445882221488,8.522425882221487,0.006,0.03,0.013,8.455698382221488,Water Price (Hydrogen),$/gal,0.09198
1,Texas,Electrolysis,7.214743941432015,11.271793941432016,0.039,0.112,0.062,8.455698382221488,Electricity Price,$/kWh,4.05705
0,Utah,Electrolysis,8.107417626,8.107417626,2.495,12.331,5.79,8.107417626,Natural Gas Price,$/MMBTU,0
2,Utah,Electrolysis,8.082165125642543,8.174145125642543,0.006,0.03,0.013,8.107417626,Water Price (Hydrogen),$/gal,0.09198
1,Utah,Electrolysis,6.742993941432015,10.528093941432017,0.031,0.099,0.055,8.107417626,Electricity Price,$/kWh,3.7851000000000017
0,Vermont,Electrolysis,10.549454138800435,10.549454138800435,3.006,11.734,5.835,10.549454138800435,Natural Gas Price,$/MMBTU,0
2,Vermont,Electrolysis,10.524201638800438,10.616181638800436,0.006,0.03,0.013,10.549454138800435,Water Price (Hydrogen),$/gal,0.09198
1,Vermont,Electrolysis,9.118393941432016,12.61489394143201,0.074,0.137,0.099,10.549454138800435,Electricity Price,$/kWh,3.496499999999994
0,Virginia,Electrolysis,8.585466145379385,8.585466145379385,2.63,15.26,6.117,8.585466145379385,Natural Gas Price,$/MMBTU,0
2,Virginia,Electrolysis,8.560213645379385,8.652193645379384,0.006,0.03,0.013,8.585466145379385,Water Price (Hydrogen),$/gal,0.09198
1,Virginia,Electrolysis,7.181443941432017,10.905493941432013,0.039,0.106,0.064,8.585466145379385,Electricity Price,$/kWh,3.7240499999999965
0,Washington,Electrolysis,7.746576342747805,7.746576342747805,3.285,15.347,8.546,7.746576342747805,Natural Gas Price,$/MMBTU,0
2,Washington,Electrolysis,7.721323842747806,7.813303842747805,0.006,0.03,0.013,7.746576342747805,Water Price (Hydrogen),$/gal,0.09198
1,Washington,Electrolysis,6.720793941432017,9.035143941432015,0.03,0.072,0.049,7.746576342747805,Electricity Price,$/kWh,2.3143499999999966
0,West Virginia,Electrolysis,8.166094270379382,8.166094270379382,1.224,16.06,5.069,8.166094270379382,Natural Gas Price,$/MMBTU,0
2,West Virginia,Electrolysis,8.140841770379385,8.232821770379383,0.006,0.03,0.013,8.166094270379382,Water Price (Hydrogen),$/gal,0.09198
1,West Virginia,Electrolysis,6.953893941432017,9.934243941432015,0.035,0.088,0.057,8.166094270379382,Electricity Price,$/kWh,2.980349999999998
0,Wisconsin,Electrolysis,8.862783579589909,8.862783579589909,2.669,13.391,6.572,8.862783579589909,Natural Gas Price,$/MMBTU,0
2,Wisconsin,Electrolysis,8.83753108,8.92951108,0.006,0.03,0.013,8.862783579589909,Water Price (Hydrogen),$/gal,0.09198
1,Wisconsin,Electrolysis,7.370143941432016,10.500343941432014,0.042,0.099,0.069,8.862783579589909,Electricity Price,$/kWh,3.1301999999999985
0,Wyoming,Electrolysis,8.241840816432013,8.241840816432013,3.102,12.524,5.445,8.241840816432013,Natural Gas Price,$/MMBTU,0
2,Wyoming,Electrolysis,8.216588316432016,8.308568316432014,0.006,0.03,0.013,8.241840816432013,Water Price (Hydrogen),$/gal,0.09198
1,Wyoming,Electrolysis,6.637543941432016,10.078543941432013,0.029,0.091,0.058,8.241840816432013,Electricity Price,$/kWh,3.440999999999997
